Employee Gender,no of employee,average employee salary,salary difference
Female,2538000,76909.09090909091,
Male,2714000,90466.66666666667,13557.57575757576
